<!DOCTYPE suite SYSTEM "https://testng.org/testng-1.0.dtd">
<suite name="Parallel Test Suite" parallel="tests" thread-count="2">
    <test name="Chrome Test">
        <parameter name="browser" value="chrome" />
        <classes>
            <class name="com.spec.runners.RunSpectrumUIAll" />
        </classes>
    </test>

    <test name="Firefox Test">
        <parameter name="browser" value="firefox" />
        <classes>
            <class name="com.spec.runners.RunSpectrumUIAll" />
        </classes>
    </test>
</suite>






